month_date_yyyymm,median_listing_price,active_listing_count,median_days_on_market,new_listing_count,price_increased_count,price_reduced_count,pending_listing_count,pending_ratio,quality_flag,mortgage_rate_30yr_pct
201607,362450.0,786,56.0,338,44,298,371.0,0.4714,,3.44
201608,336750.0,795,58.0,326,34,308,360.0,0.4525,,3.435
201609,341468.0,783,62.0,246,56,278,315.0,0.4026,,3.46
201610,334950.0,759,65.0,292,60,284,274.0,0.361,,3.47
201611,331950.0,729,71.0,242,44,232,248.0,0.3395,,3.77
201612,329000.0,666,78.0,164,24,120,220.0,0.3303,,4.198
201701,333470.0,619,79.0,288,60,162,212.0,0.3417,,4.15
201702,335122.0,655,52.0,320,120,222,248.0,0.3786,,4.1675
201703,329300.0,686,49.0,364,82,186,278.0,0.4045,,4.196
201704,349900.0,717,47.0,408,88,224,348.0,0.4854,,4.045
201705,348793.0,806,43.0,470,82,316,360.0,0.4463,,4.01
201706,331702.0,891,42.0,408,94,400,366.0,0.4104,,3.904
201707,324945.0,982,46.0,428,76,424,349.0,0.3554,1.0,3.9675
201708,318173.0,986,53.0,364,48,434,313.0,0.3169,0.0,3.88
201709,323019.0,977,63.0,300,68,404,271.0,0.2774,0.0,3.805
201710,319950.0,924,68.0,270,48,366,287.0,0.3101,0.0,3.895
201711,324925.0,868,73.0,282,34,262,297.0,0.3424,0.0,3.922
201712,331250.0,800,80.0,212,52,188,259.0,0.3238,0.0,3.95
201801,331450.0,718,74.0,268,86,188,202.0,0.2813,0.0,4.0325
201802,336473.0,739,60.0,362,100,178,242.0,0.3277,0.0,4.33
201803,339900.0,813,45.0,424,52,268,278.0,0.3419,0.0,4.444
201804,356949.0,819,46.0,416,62,286,322.0,0.3928,0.0,4.4675
201805,357985.0,903,47.0,472,60,320,338.0,0.374,0.0,4.586
201806,365000.0,954,51.0,464,68,388,378.0,0.3962,0.0,4.57
201807,342500.0,1034,50.0,432,56,428,386.0,0.3735,0.0,4.5275
201808,329950.0,1043,52.0,356,36,398,357.0,0.3423,0.0,4.55
201809,329000.0,1037,62.0,332,52,420,330.0,0.3182,0.0,4.6275
201810,314600.0,1026,68.0,308,42,414,273.0,0.2657,0.0,4.83
201811,323700.0,981,69.0,286,68,328,252.0,0.2569,0.0,4.866
201812,325000.0,927,79.0,220,52,236,216.0,0.233,0.0,4.6375
201901,324750.0,884,82.0,308,138,260,208.0,0.2347,0.0,4.464
201902,322205.0,881,72.0,340,94,276,289.0,0.328,0.0,4.37
201903,332281.0,892,61.0,388,112,336,339.0,0.38,0.0,4.265
201904,340577.0,943,51.0,434,98,370,372.0,0.3947,0.0,4.1425
201905,335000.0,966,50.0,486,100,426,400.0,0.4143,0.0,4.072
201906,339900.0,1009,47.0,508,72,404,418.0,0.4143,0.0,3.8025
201907,338313.0,1053,51.0,430,98,498,403.0,0.3827,0.0,3.765
201908,337636.0,1041,55.0,364,104,468,369.0,0.3545,0.0,3.616
201909,336153.0,994,62.0,360,122,442,336.0,0.3377,0.0,3.605
201910,335165.0,961,66.0,362,108,402,312.0,0.3243,0.0,3.688
201911,325407.0,917,66.0,344,80,260,273.0,0.2977,0.0,3.695
201912,324998.0,885,66.0,256,84,202,241.0,0.2723,0.0,3.72
202001,326658.0,841,74.0,336,118,200,229.0,0.2723,0.0,3.624
202002,337000.0,781,70.0,400,112,168,302.0,0.3867,0.0,3.465
202003,340230.0,768,49.0,458,88,202,373.0,0.486,0.0,3.45
202004,340040.0,866,50.0,458,54,222,328.0,0.3788,0.0,3.306
202005,345000.0,916,51.0,508,64,268,387.0,0.4225,0.0,3.2325
202006,350000.0,761,60.0,428,112,236,507.0,0.666,0.0,3.1625
202007,343383.0,684,65.0,490,110,194,478.0,0.6988,0.0,3.016
202008,320000.0,626,44.0,472,240,168,473.0,0.7556,0.0,2.935
202009,334973.0,551,48.0,520,144,132,679.0,1.2325,0.0,2.89
202010,339000.0,508,46.0,368,256,140,837.0,1.6476,0.0,2.834
202011,343252.0,430,52.0,264,134,112,835.0,1.943,0.0,2.765
202012,347815.0,372,56.0,242,112,50,778.0,2.0929,0.0,2.684
202101,359900.0,235,54.0,276,136,24,762.0,3.2426,1.0,2.735
202102,368394.0,165,34.0,366,88,16,825.0,5.0152,1.0,2.81
202103,394450.0,178,30.0,410,62,26,841.0,4.738,1.0,3.0825
202104,411850.0,185,23.0,460,78,22,897.0,4.8591,1.0,3.06
202105,398995.0,199,21.0,480,60,40,941.0,4.7286,1.0,2.9625
202106,413990.0,235,18.0,508,44,54,537.0,2.29,1.0,2.975
202107,460000.0,343,18.0,516,24,108,530.0,1.5452,1.0,2.868
202108,506975.0,434,21.0,576,46,162,562.0,1.2964,1.0,2.8425
202109,521796.0,511,26.0,510,72,170,537.0,1.0519,1.0,2.9
202110,539950.0,500,38.0,368,48,168,483.0,0.966,1.0,3.0675
202111,564218.0,476,46.0,394,104,92,461.0,0.9685,1.0,3.0675
202112,554425.0,426,52.0,312,100,70,450.0,1.0576,1.0,3.098
202201,570790.0,299,68.0,304,148,52,408.0,1.3645,1.0,3.445
202202,597781.0,228,43.0,336,114,32,411.0,1.8026,1.0,3.7625
202203,620856.0,235,22.0,454,98,38,489.0,2.0809,1.0,4.172
202204,630331.0,285,16.0,504,52,156,509.0,1.786,1.0,4.9825
202205,600688.0,514,16.0,724,46,246,531.0,1.0341,1.0,5.23
202206,551475.0,757,23.0,630,34,572,531.0,0.7015,1.0,5.522
202207,507319.0,904,36.0,524,48,720,481.0,0.5321,1.0,5.4125
202208,500000.0,1022,44.0,454,26,616,452.0,0.4425,1.0,5.2225
202209,492225.0,1025,55.0,430,40,664,421.0,0.4102,1.0,6.112
202210,485000.0,1028,63.0,352,20,664,314.0,0.3054,1.0,6.9
202211,473426.0,1042,68.0,296,34,558,300.0,0.288,1.0,6.805
202212,475000.0,955,85.0,192,16,304,276.0,0.289,1.0,6.364
202301,462565.0,855,87.0,314,44,478,246.0,0.2873,1.0,6.2725
202302,459965.0,829,82.0,294,68,370,264.0,0.3186,1.0,6.2575
202303,468945.0,900,62.0,424,72,380,268.0,0.2972,1.0,6.544
202304,489900.0,951,56.0,464,24,404,285.0,0.2997,1.0,6.3425
202305,517000.0,1000,51.0,440,62,522,314.0,0.3142,1.0,6.425
202306,527000.0,1109,48.0,442,62,650,293.0,0.2643,1.0,6.714
202307,525000.0,1115,52.0,420,60,584,277.0,0.2484,0.0,6.84
202308,524950.0,1143,56.0,398,22,642,265.0,0.2318,0.0,7.072
202309,514440.0,1174,57.0,416,36,704,171.0,0.1457,0.0,7.2
202310,492998.0,1188,63.0,342,22,608,153.0,0.1284,0.0,7.62
202311,499000.0,1145,66.0,352,52,428,143.0,0.1249,0.0,7.442
202312,489945.0,1009,74.0,308,36,256,133.0,0.1318,0.0,6.815
202401,488071.0,902,75.0,384,34,302,136.0,0.1508,0.0,6.6425
202402,492000.0,950,60.0,416,28,324,176.0,0.1847,0.0,6.776
202403,485360.0,1102,38.0,600,68,416,198.0,0.1797,0.0,6.82
202404,484792.0,1293,44.0,712,24,588,668.0,0.5164,0.0,6.9925
202405,484611.0,1391,44.0,552,56,682,704.0,0.5061,0.0,7.06
202406,461000.0,1533,52.0,528,96,820,643.0,0.4194,1.0,6.9175
202407,452373.0,1535,59.0,478,26,874,617.0,0.402,1.0,6.8475
202408,449000.0,1503,65.0,392,24,708,572.0,0.3806,1.0,6.5
202409,449225.0,1455,72.0,416,34,728,602.0,0.4134,1.0,6.18
202410,444995.0,1437,74.0,424,94,540,606.0,0.4217,0.0,6.428
202411,430000.0,1394,73.0,336,32,636,565.0,0.4053,1.0,6.805
202412,432495.0,1243,75.0,238,64,392,549.0,0.4417,1.0,6.715
202501,431923.0,1127,79.0,354,108,460,516.0,0.4579,1.0,6.958
202502,425945.0,1171,64.0,480,32,400,521.0,0.4445,1.0,6.8425
202503,439477.0,1295,45.0,600,28,608,607.0,0.4687,0.0,6.65
202504,446995.0,1473,45.0,654,28,684,717.0,0.4866,0.0,6.725
202505,458643.0,1566,50.0,632,44,800,810.0,0.5172,0.0,6.816
202506,452871.0,1675,55.0,568,32,842,705.0,0.421,0.0,6.8175
202507,459950.0,1654,63.0,410,26,770,644.0,0.3892,0.0,6.72
202508,450000.0,1527,75.0,364,20,628,625.0,0.4093,0.0,6.5875
202509,449000.0,1446,87.0,370,30,568,563.0,0.3895,0.0,6.3525
202510,437397.0,1409,89.0,338,54,576,493.0,0.3497,0.0,6.254
202511,429000.0,1358,86.0,276,32,472,504.0,0.3711,0.0,6.2375
202512,415000.0,1260,88.0,232,18,358,517.0,0.4101,0.0,6.19
202601,415000.0,1188,94.0,364,28,304,494.0,0.4158,0.0,6.1025
202602,399370.0,1310,84.0,454,90,444,591.0,0.4508,0.0,6.0475
202603,416073.0,1365,60.0,522,86,522,684.0,0.5007,0.0,6.1775
202604,416871.0,1472,52.0,584,78,586,717.0,0.4868,0.0,6.332
202605,415000.0,1610,57.0,504,48,728,696.0,0.4323,0.0,6.4425
202606,419177.0,1660,64.0,486,34,714,711.0,0.428,0.0,6.49
202607,414700.0,1673,67.0,386,58,698,610.0,0.3647,0.0,6.542
202608,400000.0,1670,78.0,368,24,648,552.0,0.3305,1.0,6.6675
